"Contact: Contact Name","Associated Names"
"Aaron Franke",""
"Aaron Hall",""
"Aaron Huber, Huber Barney PLLC",""
"Aaron M Lumpkin",""
"Aboud & Aboud, P.C.","MICHAEL J ABOUD"
"Adam B. Nach Esq, Lane & Nach PC",""
"Adam Hauf c/o Accurate Foreclosure & Document Services, LLC",""
"Alicia Caton, Mickes OToole, LLC",""
"American West Lender Services, LLC","AMERICA WEST LENDER SERVICES LLC"
"Anderson Clarkson Brown PLLC",""
"Andrea L. Ridlen Levy Craig Law Firm",""
"ANDREW S LISHKO",""
"ANTHONY W AUSTIN","ANTHONY W AUSTIN ESQ"
"At Inc",""
"Attorney Richard E. Anderson, Anderson Vela, LLP","ANDERSON BURNS & VELA, Anderson Law, LLC d/b/a Anderson & Associates Julie A. Anderson"
"Auction.com",""
"Barrett Daffin Frappier Treder & Weiss, LLP (Israel S Saucedo, Robert D Forster)",""
"BENEFICIAL FINANCIAL SERVICES, LLC",""
"Bert Millett, Esq.",""
"Bradley D. Pack, Engelman Berger, P.C.",""
"Brad Pitlyk",""
"Brooke E. Harris",""
"BRUCE E. STRAUSS, MB&S, LLC",""
"Brueckner Spitler Shelts PLC",""
"Bueler Jones LLP",""
"Burch & Cracchiolo P.A. (Andrew Abraham, Esq., Casey S. Blais, Amy D. Howland","CASEY S BLAIS ESQ"
"C. Spence Stover",""
"Carrie T Jones, ZBS Law, LLP (BRADFORD KLEIN, JOSEPH TIRELLO, ZILBERSTEIN)","CARRIE T JONES ESQ, KRISTIN A ZILBERSTEIN, BRADFORD E KLEIN, JOSEPH J TIRELLO JR"
"CARRINGTON FORECLOSURE SVCS",""
"C Dunham Biles",""
"Centre Trustee Corp",""
"Chad R. Kaffer, Esq., Taylor Duma LLP",""
"Charles P Stirton",""
"Charles R Hyde, The Law Offices of C.R. Hyde",""
"Christina Harper, The Mortgage Law Firm","CHRISTINA HARPER ESQ"
"Christina Tann",""
"Christopher D. Lindstrom, Dortch Lindstrom Livingston Law Group",""
"Christopher J. Charles, Esq., Provident Law",""
"CHRISTOPHER M FAHRENDORF ESQ",""
"Clark Hill PLC",""
"Clear Recon Corp",""
"Craig Collins Law Office, LLC",""
"Craig K. Williams, Esq., Snell & Wilmer L.L.P., (Assured Lender Services, Inc)",""
"CSM Foreclosure",""
"D. Jeffrey Craven, The Craven Firm, PLLC",""
"D. Ladd Gustafson, Gustafson Law, PLC",""
"DANIEL G BARKER",""
"Daniel J. Haus",""
"DANIEL NIES",""
"Darren Roman, Esq., Dorsey & Whitney LLP",""
"DAVID G LAKE",""
"DAVID JOHNSON",""
"David L. Marshak, Sheriff",""
"David Schiesel",""
"DAVID W SMITH",""
"Davis & Garvin, LLC",""
"Davis Miles, PLLC",""
"DEBORAH YOUNGBLOOD",""
"Default Resolution Network (Fidelity)",""
"Diane Weifenbach Esq.",""
"DLF Servicing Corporation",""
"Drew E. Davis",""
"DSD Service Corporation Trustee",""
"Eastplains Corporation",""
"Elia M. Ellis, LLC",""
"Elite Post and Pub",""
"EMPIRE TITLE AGENCY",""
"Entra Default Solutions",""
"Ethan Steele",""
"Evan Thompson, Thompson Krone",""
"Fennemore Law (JEFF S PITCHER, Anthony W. Austin)","JEFF S PITCHER, Anthony W. Austin"
"Fidelity National Title Agency, Inc - Scottsdale",""
"First American Title Company",""
"FORSYTH TRUSTEE, LLC",""
"Fowler / St. Clair",""
"Francis J. Slavin P.C.",""
"Frank J. Schmidt",""
"Fred W. Crouch or Rachelle M. Biondo",""
"George H. Flanders",""
"Gerard D. Eftink",""
"Gerard R. O'Meara",""
"GHG Trustee, Inc",""
"Greg Jewett",""
"HBM Trustee Corporation",""
"HB TRUSTEE, INC",""
"Henman Law","G LEE HENMAN JR"
"Holiday Inn Club Vacations Incorporated",""
"Howard A. Chorost, P.C.","HOWARD A CHOROST PC"
"IAN D QUINN",""
"IDEA Law Group, LLC",""
"InSource Logic",""
"Isaac D. Rothschild, Esq., Mesch Clark Rothschild",""
"J. Aaron Cook",""
"J. Brian Hill",""
"Jacob A. Maskovich, Esq., BRYAN CAVE LEIGHTON PAISNER LLP",""
"Jacob Sparks, Esq., Nelson Mullins Riley & Scarborough LLP",""
"James A Burns",""
"James A Whitehill, Whitehill Law Offices (+1 Others)",""
"James B. Ball, Ball Santin & McLeran",""
"James C Frisch, King & Frisch",""
"James E. Laramore",""
"JAMES L UGALDE ESQ",""
"James M Sakrison, Slutes Sakrison & Rogers",""
"Jason K. Rew Oswald Rew, LLC",""
"Jason P Sherman, LOGS Legal Group LLP",""
"Jefferson County Commissioner",""
"Jeffrey M Neff","JEFF M NEFF"
"Jeffrey S. Katz Attorney",""
"Jeff Weisman",""
"Jerry W. Potocnik",""
"Jim C. Arnott, Sheriff",""
"John Craiger, POLSINELLI PC",""
"John L. Lohr, Jr., Esq., HYMSON GOLDSTEIN PANTILIAT & LOHR, PLLC",""
"JOLENE PUCKETT ESQ","JOLENE PUCKETT ESQ"
"Jonathan A. Dessaules, Dessaules Law Group",""
"Jonathan C. Browning",""
"Joseph G. Urtuzuastegui III, Esq.",""
"Joseph L. Stokely",""
"Joshua Murdock",""
"Julie P Ibrahim",""
"Justin D Castillo, BREICASTILLO",""
"Justin Tyler Law PLLC","JUSTIN J TYLER"
"Katharine M. Ross",""
"Katherine E. Anderson, Esq., KATHERINE ANDERSON LAW PLLC",""
"KATHRYN MOORE ESQ",""
"KERRY R. BUSH",""
"Kevin J. Kristick, Bosse Rollman PC",""
"Kevin J Morris, Greenberg Traurig, LLP",""
"Kimberly Soto Larriva Esq, Womble Bond Dickinson (US) LLP",""
"Kim Quam, Nestor Solutions, LLC",""
"KING & McNAMEE, LLC",""
"Kristopher A. Bailey, Weiss Brown, PLLC",""
"KRST Corporation BY,John T. Coghlan",""
"KURT A PETERSON",""
"Kymberly A. Wareham",""
"Lancer Law",""
"Larry Dunn, Esq., Denton Peterson Dunn, PLLC",""
"Larry O. Folks, Folks Hess, PLLC","LARRY O FOLKS ESQ"
"LAUREN E CHRISTOFFEL","LAUREN E CHRISTOFFEL"
"Law Offices of Jason C. Tatman, Nationwide Reconveyance, LLC, Rhonda Rorie, AVP",""
"Leo B. Oppenheimer",""
"Lydia Tulun",""
"Malcolm K Ryder",""
"Marc C. Cavness",""
"Marinosci Law Group of Missouri, P.C",""
"Marion Sheriff",""
"Mark Dioguardi, Dioguardi Law Firm LLC",""
"Mark E Barker, Jennings Haug Keleher McLeod Waterfall L",""
"Mark Folsom",""
"Marshall Humphrey III",""
"May, Potenza, Baran & Gillespie, PC (ANDREW S LISHKO)",""
"McElligott Ewan & Hall, P.C",""
"Melissa Noshay Petro, Udall Law Firm",""
"Michael A. Fleishman, Fleishman Law PLC",""
"Michael D. Doering",""
"Michael L. Helt",""
"Michael P. Faith, Esq.",""
"Michael P. Gaughan",""
"Michael Zdancewicz, Zdancewicz Law Firm, PLC",""
"Michelle R. Ghidotti, Prestige Default Services",""
"Millsap & Singer",""
"MISSOURI TRUSTEE CORPORATION",""
"MK Consultants Inc",""
"MMR TRUSTEE, LLC By:Philip D. Speicher",""
"MTC Financial Inc. dba Trustee Crops",""
"MTW Trustee Services, Inc.",""
"Nach, Rodgers, Hilkert & Santilli",""
"Nancy R Giles Esq, Giles Law",""
"Nationwide Posting & Publication",""
"Nestor Solutions of Missouri, LLC",""
"Nicolas B. Porter",""
"None",""
"No Trustee",""
"Orange Coast Title Company, Mari Hayes",""
"Paul A. Conant, Esq., Conant Law Firm, PLC",""
"Paul G. White",""
"PFD Insurance Services, LLC",""
"Pioneer Title Agency - Sherri Morris","PIONEER TITLE AGENCY INC"
"Pioneer Title - Sierra Vista",""
"Prestige Post and Pub",""
"Prime Recon, LLC",""
"Quality Loan Service Corporation","QUALITY LOAN SVC CORP"
"Remick Law, PLC",""
"Richard J. Herbert",""
"ROBERT A RIETHER ESQ",""
"Robert C Williams Esq, Gust Rosenfeld PLC",""
"ROBERT D FORSTER II",""
"Robert E. Jones",""
"Ronald B. Herb",""
"S & W Foreclosure",""
"SARAH E. MYERS, ESQ., c/o Gallagher & Kennedy, P.A.",""
"Scott A Lewis, Sheriff",""
"Scott Brunner, Sheriff/Millsap",""
"Scott Kiefer, Sheriff",""
"SCOTT L POTTER ESQ",""
"SCW Trustee LLC",""
"Service Link Asap",""
"Servicelinkauction.com","SERVICELINK AUCTION"
"Shalom Rubanowitz, Attorney",""
"Sharon A. Urias, Greenspoon Marder, LLP",""
"Sharon R. Chorost",""
"Shawn T. Briner",""
"Sheriff of Lincoln County",""
"singers corp",""
"SMF Registered Services, Inc",""
"Southlaw PC",""
"SPENTRUST-MISSOURI, INC",""
"Statewide Foreclosure Services","STATEWIDE FORECLOSURE SVCS"
"Steven J. Itkin Esq, DeConcini McDonald Yetwin & Lacy",""
"STEVEN M. PELTON, Sheriff",""
"Steven T. Hart",""
"Stewart Title & Trust of Tucson",""
"THEA M. GILBERT",""
"The Sayer Law Group, P.C",""
"Tiffany & Bosco: Leonard McDonald","Leonard J. McDonald, Attorney at Law, LEONARD J MCDONALD, Leonard J. McDonald, LoanCare, Tiffany & Bosco"
"Title Security Agency LLC-Tucson",""
"Tolesoaz Corp. d/b/a Total Lender Solutions","Total Lender Solutions"
"Troppito Miller Griffin, LLC",""
"Trustee Services, Inc",""
"Tyler S. Stine, Esq., Provident Law",""
"Tyler S Loveless",""
"UNION TRUSTEE CORP",""
"Van Osdol, PC",""
"Vylla Solutions, LLC","VYLLA SOLUTIONS MISSOURI LLC"
"Western Progressive","Western Progressive - Missouri, Inc, WESTERN PROGRESSIVE MISSOURI INC"
"WFG National Default Services",""
"WILLIAM A KOZUB ESQ",""
"William Easley, BC TRUSTEE SERVICES, INC",""
"William Floodman III",""
"William K. Akin, Sheriff",""
"WILLIAM SCOTT JENKINS",""
"Williams Melo, PLC","Andrew J. Carlson"
"Wright Finlay & Zak, LLP",""
"Xome.com","XOME INC"
"Yates Buter Law, P.C",""
